<?xml version="1.0" encoding="UTF-8"?>
<document type="com.apple.InterfaceBuilder3.CocoaTouch.Storyboard.XIB" version="3.0" toolsVersion="18122" targetRuntime="iOS.CocoaTouch" propertyAccessControl="none" useAutolayout="YES" useTraitCollections="YES" useSafeAreas="YES" colorMatched="YES" initialViewController="BYZ-38-t0r">
    <device id="retina6_7" orientation="portrait" appearance="light"/>
    <dependencies>
        <plugIn identifier="com.apple.InterfaceBuilder.IBCocoaTouchPlugin" version="18093"/>
        <capability name="Safe area layout guides" minToolsVersion="9.0"/>
        <capability name="System colors in document resources" minToolsVersion="11.0"/>
        <capability name="documents saved in the Xcode 8 format" minToolsVersion="8.0"/>
    </dependencies>
    <customFonts key="customFonts">
        <array key="honey.otf">
            <string>HoneyRegular</string>
        </array>
    </customFonts>
    <scenes>
        <!--View Controller-->
        <scene sceneID="tne-QT-ifu">
            <objects>
                <viewController id="BYZ-38-t0r" customClass="ViewController" customModule="parcialproyecto" customModuleProvider="target" sceneMemberID="viewController">
                    <view key="view" contentMode="scaleToFill" id="8bC-Xf-vdC">
                        <rect key="frame" x="0.0" y="0.0" width="428" height="926"/>
                        <autoresizingMask key="autoresizingMask" widthSizable="YES" heightSizable="YES"/>
                        <subviews>
                            <imageView clipsSubviews="YES" userInteractionEnabled="NO" contentMode="scaleAspectFill" horizontalHuggingPriority="251" verticalHuggingPriority="251" image="fondo" translatesAutoresizingMaskIntoConstraints="NO" id="hUf-9s-lCa" userLabel="fondoImg">
                                <rect key="frame" x="0.0" y="0.0" width="428" height="926"/>
                            </imageView>
                            <imageView clipsSubviews="YES" userInteractionEnabled="NO" contentMode="scaleAspectFit" horizontalHuggingPriority="251" verticalHuggingPriority="251" translatesAutoresizingMaskIntoConstraints="NO" id="Gpu-eG-f1j" userLabel="animalSeleccionadoImg">
                                <rect key="frame" x="0.0" y="0.0" width="428" height="463"/>
                            </imageView>
                            <label opaque="NO" userInteractionEnabled="NO" contentMode="left" horizontalHuggingPriority="251" verticalHuggingPriority="251" text="" textAlignment="center" lineBreakMode="tailTruncation" baselineAdjustment="alignBaselines" adjustsFontSizeToFit="NO" translatesAutoresizingMaskIntoConstraints="NO" id="Azv-hY-SfV" userLabel="animalLbl">
                                <rect key="frame" x="0.0" y="0.0" width="428" height="139"/>
                                <color key="tintColor" white="0.0" alpha="1" colorSpace="custom" customColorSpace="genericGamma22GrayColorSpace"/>
                                <fontDescription key="fontDescription" name="HoneyRegular" family="Honey" pointSize="60"/>
                                <color key="textColor" white="1" alpha="1" colorSpace="custom" customColorSpace="genericGamma22GrayColorSpace"/>
                            </label>
                            <view contentMode="scaleToFill" translatesAutoresizingMaskIntoConstraints="NO" id="A3Q-it-i2F" userLabel="botones">
                                <rect key="frame" x="0.0" y="463" width="428" height="463"/>
                                <subviews>
                                    <imageView clipsSubviews="YES" contentMode="scaleAspectFit" horizontalHuggingPriority="251" verticalHuggingPriority="251" image="perroboton_00000" translatesAutoresizingMaskIntoConstraints="NO" id="bWP-2X-fEr" userLabel="perroImg">
                                        <rect key="frame" x="0.0" y="154.66666666666663" width="428" height="153.66666666666663"/>
                                        <gestureRecognizers/>
                                        <connections>
                                            <outletCollection property="gestureRecognizers" destination="wHC-BA-FJE" appends="YES" id="74x-1X-xHB"/>
                                        </connections>
                                    </imageView>
                                    <imageView clipsSubviews="YES" contentMode="scaleAspectFit" horizontalHuggingPriority="251" verticalHuggingPriority="251" image="vacaboton_00000" translatesAutoresizingMaskIntoConstraints="NO" id="SGW-9I-kNB" userLabel="vacaImg">
                                        <rect key="frame" x="0.0" y="309.33333333333337" width="428" height="153.66666666666663"/>
                                        <gestureRecognizers/>
                                        <connections>
                                            <outletCollection property="gestureRecognizers" destination="R6t-I4-Hvg" appends="YES" id="bCh-Xa-WiV"/>
                                        </connections>
                                    </imageView>
                                    <imageView clipsSubviews="YES" contentMode="scaleAspectFit" horizontalHuggingPriority="251" verticalHuggingPriority="251" image="gatoboton_00000" translatesAutoresizingMaskIntoConstraints="NO" id="f4o-NY-Yuz" userLabel="gatoImg">
                                        <rect key="frame" x="0.0" y="0.0" width="428" height="153.66666666666666"/>
                                        <gestureRecognizers/>
                                        <connections>
                                            <outletCollection property="gestureRecognizers" destination="V7a-ru-QLw" appends="YES" id="TLO-FI-pee"/>
                                        </connections>
                                    </imageView>
                                </subviews>
                                <color key="backgroundColor" white="0.0" alpha="0.0" colorSpace="custom" customColorSpace="genericGamma22GrayColorSpace"/>
                                <constraints>
                                    <constraint firstAttribute="trailing" secondItem="bWP-2X-fEr" secondAttribute="trailing" id="7F2-3r-Gz1"/>
                                    <constraint firstItem="f4o-NY-Yuz" firstAttribute="height" secondItem="bWP-2X-fEr" secondAttribute="height" id="9HG-Ri-bQJ"/>
                                    <constraint firstItem="bWP-2X-fEr" firstAttribute="top" secondItem="f4o-NY-Yuz" secondAttribute="bottom" constant="1" id="Cre-6K-rqQ"/>
                                    <constraint firstItem="bWP-2X-fEr" firstAttribute="width" secondItem="SGW-9I-kNB" secondAttribute="width" id="FJR-lM-XwA"/>
                                    <constraint firstAttribute="trailing" secondItem="f4o-NY-Yuz" secondAttribute="trailing" id="FMo-Zd-WpH"/>
                                    <constraint firstAttribute="bottom" secondItem="SGW-9I-kNB" secondAttribute="bottom" id="SJV-BL-dd8"/>
                                    <constraint firstItem="f4o-NY-Yuz" firstAttribute="leading" secondItem="A3Q-it-i2F" secondAttribute="leading" id="TTu-QQ-jxb"/>
                                    <constraint firstItem="f4o-NY-Yuz" firstAttribute="top" secondItem="A3Q-it-i2F" secondAttribute="top" id="UTW-nq-4S4"/>
                                    <constraint firstItem="SGW-9I-kNB" firstAttribute="top" secondItem="bWP-2X-fEr" secondAttribute="bottom" constant="1" id="XT2-ga-b43"/>
                                    <constraint firstAttribute="trailing" secondItem="SGW-9I-kNB" secondAttribute="trailing" id="XmN-80-Jnw"/>
                                    <constraint firstItem="f4o-NY-Yuz" firstAttribute="leading" secondItem="A3Q-it-i2F" secondAttribute="leading" id="bXk-mU-Lyv"/>
                                    <constraint firstItem="bWP-2X-fEr" firstAttribute="height" secondItem="SGW-9I-kNB" secondAttribute="height" id="eI9-hO-U7q"/>
                                    <constraint firstItem="f4o-NY-Yuz" firstAttribute="width" secondItem="bWP-2X-fEr" secondAttribute="width" id="ew0-f5-HYN"/>
                                    <constraint firstItem="bWP-2X-fEr" firstAttribute="leading" secondItem="A3Q-it-i2F" secondAttribute="leading" id="nEw-ZE-TlY"/>
                                    <constraint firstItem="SGW-9I-kNB" firstAttribute="leading" secondItem="A3Q-it-i2F" secondAttribute="leading" id="yps-l7-lI3"/>
                                </constraints>
                                <variation key="heightClass=compact">
                                    <mask key="constraints">
                                        <exclude reference="TTu-QQ-jxb"/>
                                        <exclude reference="nEw-ZE-TlY"/>
                                        <exclude reference="yps-l7-lI3"/>
                                    </mask>
                                </variation>
                            </view>
                        </subviews>
                        <viewLayoutGuide key="safeArea" id="6Tk-OE-BBY"/>
                        <color key="backgroundColor" systemColor="systemBackgroundColor"/>
                        <constraints>
                            <constraint firstItem="Gpu-eG-f1j" firstAttribute="height" secondItem="8bC-Xf-vdC" secondAttribute="height" multiplier="0.5" id="9t0-Fm-fFR"/>
                            <constraint firstItem="hUf-9s-lCa" firstAttribute="top" secondItem="8bC-Xf-vdC" secondAttribute="top" id="AFL-pR-jU0"/>
                            <constraint firstItem="A3Q-it-i2F" firstAttribute="leading" secondItem="Gpu-eG-f1j" secondAttribute="trailing" id="GbX-01-ArP"/>
                            <constraint firstItem="hUf-9s-lCa" firstAttribute="height" secondItem="8bC-Xf-vdC" secondAttribute="height" id="Pas-L0-pQL"/>
                            <constraint firstItem="Gpu-eG-f1j" firstAttribute="width" secondItem="8bC-Xf-vdC" secondAttribute="width" multiplier="0.5" id="Pt0-gk-keR"/>
                            <constraint firstItem="Azv-hY-SfV" firstAttribute="trailing" secondItem="6Tk-OE-BBY" secondAttribute="trailing" id="QN9-Ky-h79"/>
                            <constraint firstItem="Azv-hY-SfV" firstAttribute="leading" secondItem="6Tk-OE-BBY" secondAttribute="leading" id="S6b-Nu-fkB"/>
                            <constraint firstItem="A3Q-it-i2F" firstAttribute="trailing" secondItem="6Tk-OE-BBY" secondAttribute="trailing" id="T8U-Hr-8iE"/>
                            <constraint firstItem="Gpu-eG-f1j" firstAttribute="top" secondItem="8bC-Xf-vdC" secondAttribute="top" id="TA0-sZ-gLG"/>
                            <constraint firstAttribute="bottom" secondItem="Gpu-eG-f1j" secondAttribute="bottom" id="Uim-RX-GjI">
                                <variation key="heightClass=compact" constant="0.0"/>
                            </constraint>
                            <constraint firstAttribute="bottom" secondItem="A3Q-it-i2F" secondAttribute="bottom" id="VgU-WB-w4x"/>
                            <constraint firstItem="A3Q-it-i2F" firstAttribute="height" secondItem="8bC-Xf-vdC" secondAttribute="height" id="XFH-LE-Aoz"/>
                            <constraint firstItem="hUf-9s-lCa" firstAttribute="width" secondItem="8bC-Xf-vdC" secondAttribute="width" id="XJS-Ds-fYr"/>
                            <constraint firstItem="A3Q-it-i2F" firstAttribute="height" secondItem="8bC-Xf-vdC" secondAttribute="height" multiplier="0.5" id="f0u-lM-h55"/>
                            <constraint firstItem="Gpu-eG-f1j" firstAttribute="leading" secondItem="8bC-Xf-vdC" secondAttribute="leading" id="ffC-7R-cAc"/>
                            <constraint firstItem="Gpu-eG-f1j" firstAttribute="trailing" secondItem="6Tk-OE-BBY" secondAttribute="trailing" id="inh-rU-m33"/>
                            <constraint firstItem="Azv-hY-SfV" firstAttribute="width" secondItem="8bC-Xf-vdC" secondAttribute="width" multiplier="0.4" id="l3c-cp-ONX"/>
                            <constraint firstItem="hUf-9s-lCa" firstAttribute="leading" secondItem="8bC-Xf-vdC" secondAttribute="leading" id="mfL-5H-t2k"/>
                            <constraint firstItem="Azv-hY-SfV" firstAttribute="top" secondItem="8bC-Xf-vdC" secondAttribute="top" id="rnK-Yv-CUg"/>
                            <constraint firstItem="Azv-hY-SfV" firstAttribute="height" secondItem="8bC-Xf-vdC" secondAttribute="height" multiplier="0.15" id="uPe-iA-EQK"/>
                            <constraint firstItem="A3Q-it-i2F" firstAttribute="leading" secondItem="8bC-Xf-vdC" secondAttribute="leading" id="vob-dt-QC5"/>
                            <constraint firstItem="A3Q-it-i2F" firstAttribute="width" secondItem="8bC-Xf-vdC" secondAttribute="width" multiplier="0.5" id="yb6-w1-iNw"/>
                        </constraints>
                        <variation key="default">
                            <mask key="constraints">
                                <exclude reference="Uim-RX-GjI"/>
                                <exclude reference="inh-rU-m33"/>
                                <exclude reference="l3c-cp-ONX"/>
                                <exclude reference="GbX-01-ArP"/>
                                <exclude reference="T8U-Hr-8iE"/>
                                <exclude reference="XFH-LE-Aoz"/>
                            </mask>
                        </variation>
                        <variation key="heightClass=compact">
                            <mask key="constraints">
                                <exclude reference="9t0-Fm-fFR"/>
                                <include reference="Uim-RX-GjI"/>
                                <exclude reference="QN9-Ky-h79"/>
                                <include reference="l3c-cp-ONX"/>
                                <include reference="GbX-01-ArP"/>
                                <include reference="XFH-LE-Aoz"/>
                                <exclude reference="f0u-lM-h55"/>
                                <exclude reference="vob-dt-QC5"/>
                            </mask>
                        </variation>
                        <variation key="heightClass=regular">
                            <mask key="constraints">
                                <exclude reference="Pt0-gk-keR"/>
                                <include reference="inh-rU-m33"/>
                                <include reference="T8U-Hr-8iE"/>
                                <exclude reference="yb6-w1-iNw"/>
                            </mask>
                        </variation>
                    </view>
                    <connections>
                        <outlet property="imgAnimal" destination="Gpu-eG-f1j" id="tZo-4f-0j1"/>
                        <outlet property="imgGato" destination="f4o-NY-Yuz" id="b0p-3h-2XC"/>
                        <outlet property="imgPerro" destination="bWP-2X-fEr" id="VLn-Ea-xFS"/>
                        <outlet property="imgVaca" destination="SGW-9I-kNB" id="Kyl-uK-tUx"/>
                        <outlet property="lblAnimal" destination="Azv-hY-SfV" id="5Mr-zL-ged"/>
                    </connections>
                </viewController>
                <placeholder placeholderIdentifier="IBFirstResponder" id="dkx-z0-nzr" sceneMemberID="firstResponder"/>
                <tapGestureRecognizer id="V7a-ru-QLw" userLabel="TapGato">
                    <connections>
                        <action selector="doTapGato:" destination="BYZ-38-t0r" id="INf-Fp-K6T"/>
                    </connections>
                </tapGestureRecognizer>
                <tapGestureRecognizer id="wHC-BA-FJE" userLabel="TapPerro">
                    <connections>
                        <action selector="doTapPerro:" destination="BYZ-38-t0r" id="F5J-9N-z8J"/>
                    </connections>
                </tapGestureRecognizer>
                <tapGestureRecognizer id="R6t-I4-Hvg" userLabel="TapVaca">
                    <connections>
                        <action selector="doTapVaca:" destination="BYZ-38-t0r" id="AJz-h1-Iou"/>
                    </connections>
                </tapGestureRecognizer>
            </objects>
            <point key="canvasLocation" x="-23.974082073434126" y="60.280373831775698"/>
        </scene>
    </scenes>
    <resources>
        <image name="fondo" width="400.66665649414062" height="400.66665649414062"/>
        <image name="gatoboton_00000" width="266.66665649414062" height="266.66665649414062"/>
        <image name="perroboton_00000" width="266.66665649414062" height="266.66665649414062"/>
        <image name="vacaboton_00000" width="266.66665649414062" height="266.66665649414062"/>
        <systemColor name="systemBackgroundColor">
            <color white="1" alpha="1" colorSpace="custom" customColorSpace="genericGamma22GrayColorSpace"/>
        </systemColor>
    </resources>
</document>
